category,q,category_label,sub_category_label,chart_label
Attitudes Toward Peer Use,Systemic: Attitudes favorable toward drug use: It is wrong for someone my age to drink alcohol regularly,Percentage reporting disapproval,"Wrong or ""Very wrong"" for someone my age to…","Drink beer, wine or hard liquor (for example, vodka, whiskey, gin, or rum) regularly?"
Attitudes Toward Peer Use,Systemic: Attitudes favorable toward drug use: It is wrong for someone my age to smoke cigarettes,Percentage reporting disapproval,"Wrong or ""Very wrong"" for someone my age to…",Smoke cigarettes?
Attitudes Toward Peer Use,"Systemic: Attitudes favorable toward drug use: It is wrong for someone my age to use LSD, cocaine, amphetamines or another illegal drug",Percentage reporting disapproval,"Wrong or ""Very wrong"" for someone my age to…","Use LSD, cocaine, amphetamines or another illegal drug?"
Attitudes Toward Peer Use,Systemic: Attitudes favorable toward drug use: It is wrong for someone my age to use marijuana,Percentage reporting disapproval,"Wrong or ""Very wrong"" for someone my age to…",Use marijuana?
Attitudes Toward Peer Use,Systemic: Attitudes favorable toward drug use: It is wrong for someone my age to use prescription drugs not prescribed to them,Percentage reporting disapproval,"Wrong or ""Very wrong"" for someone my age to…",Use prescription drugs not prescribed to them?
Availability Of Substances/Handguns,Systemic: Community Risk Associated With Availability: Easy to a handgun,Percentage,"How easy would it be for you to get any, if you wanted to get any of the following...  (Students indicating “Sort of hard” or ""Very hard”)",A handgun?
Availability Of Substances/Handguns,"Systemic: Community Risk Associated With Availability: Easy to get a drug like cocaine, LSD, heroin, or amphetamines",Percentage,"How easy would it be for you to get any, if you wanted to get any of the following...  (Students indicating “Sort of hard” or ""Very hard”)","A drug like cocaine, LSD, heroin, or amphetamines?"
Availability Of Substances/Handguns,"Systemic: Community Risk Associated With Availability: Easy to get beer, wine, or hard liquor",Percentage,"How easy would it be for you to get any, if you wanted to get any of the following...  (Students indicating “Sort of hard” or ""Very hard”)","some beer, wine, or hard liquor (for example: vodka, whiskey, gin, or rum),"
Availability Of Substances/Handguns,Systemic: Community Risk Associated With Availability: Easy to get cigarettes,Percentage,"How easy would it be for you to get any, if you wanted to get any of the following...  (Students indicating “Sort of hard” or ""Very hard”)",Cigarettes?
Availability Of Substances/Handguns,Systemic: Community Risk Associated With Availability: Easy to get marijuana,Percentage,"How easy would it be for you to get any, if you wanted to get any of the following...  (Students indicating “Sort of hard” or ""Very hard”)",Marijuana?
Availability Of Substances/Handguns,Systemic: Community Risk Associated With Availability: Easy to get prescription drugs not prescribed to you,Percentage,"How easy would it be for you to get any, if you wanted to get any of the following...  (Students indicating “Sort of hard” or ""Very hard”)",Prescription drugs not prescribed to you?
Binge Drinking And Driving Under The Influence,Binge Drinking,Percentage engaging in behavior,Binge drinking and driving under the influence,Binge drinking during past two weeks
Binge Drinking And Driving Under The Influence,Driving After Alcohol,Percentage engaging in behavior,Binge drinking and driving under the influence,Driving after alcohol use in past year
Binge Drinking And Driving Under The Influence,Driving After Marijuana,Percentage engaging in behavior,Binge drinking and driving under the influence,Driving after marijuana use in past year
Bullying And Internet Safety,Bullying: Do adults at your school stop bullying when they see/hear it or when a student tells them about it?,Percentage answering “yes” or “YES!”,Bullying and Internet safety,Adults at your school stop bullying when they see/hear it/student tells them about it
Bullying And Internet Safety,Bullying: Have you stayed home from school this year because you were worried about being bullied?,Percentage answering “yes” or “YES!”,Bullying and Internet safety,Stayed home from school b/c worried about being bullied
Bullying And Internet Safety,Inappropriate Internet Contact,Percentage answering “yes” or “YES!”,Bullying and Internet safety,Inappropriate sexual contact through technology
Commitment To School - Perceived Importance Of School,Commitment to school: Enjoyed being in school during past year,Percentage,"(Students answering ""often"" or ""almost always"")",Enjoyed being in school during past year
Commitment To School - Perceived Importance Of School,Commitment to school: Feel assigned schoolwork is meaningful and important,Percentage,"(Students answering ""often"" or ""almost always"")",Feel assigned schoolwork is meaningful and important
Commitment To School - Perceived Importance Of School,Commitment to school: Feel school is going to be important for their later life,Percentage,"(Students answering ""quite important"" or ""very important"")",Feel school is going to be important for their later life
Commitment To School - Positive School Environment,Commitment to school: I feel safe at my school,Percentage,"(Students answering ""YES!"" or ""yes"")",I feel safe at my school.
Commitment To School - Positive School Environment,Commitment to school: I have lots of chances to be part of class discussions or activities,Percentage,"(Students answering ""YES!"" or ""yes"")",I have lots of chances to be part of class discussions or activities.
Commitment To School - Positive School Environment,Commitment to school: My teachers praise me when I work hard in school,Percentage,"(Students answering ""YES!"" or ""yes"")",My teachers praise me when I work hard in school.
Commitment To School - Positive School Environment,Commitment to school: There are lots of chances for students in my school to talk one-on-one with a teacher,Percentage,"(Students answering ""YES!"" or ""yes"")",There are lots of chances for students in my school to talk one-on-one with a teacher.
Disapproval Of Peer Substance Use,Peer disapproval of daily drinking,Percentage,"Strongly dissapprove or ""Somewhat disapprove"" of someone my age…","Having one or two drinks of an alcoholic beverage (beer, wine, hard liquor) nearly every day?"
Disapproval Of Peer Substance Use,Peer disapproval of using marijuana once a month or more,Percentage,"Strongly dissapprove or ""Somewhat disapprove"" of someone my age…",Using marijuana once a month or more?
Early Initiation And Higher Prevalence Drugs - 30-Day Use,Alcohol Past 30 Days,Percentage indicating use,Early initiation and higher prevalence drugs - 30-day use,Alcohol
Early Initiation And Higher Prevalence Drugs - 30-Day Use,Inhalants Past 30 Days,Percentage indicating use,Early initiation and higher prevalence drugs - 30-day use,Inhalants
Early Initiation And Higher Prevalence Drugs - 30-Day Use,Marijuana Past 30 Days,Percentage indicating use,Early initiation and higher prevalence drugs - 30-day use,Marijuana
Early Initiation And Higher Prevalence Drugs - 30-Day Use,Vaping Past 30 Days,Percentage indicating use,Early initiation and higher prevalence drugs - 30-day use,Vaping/e-cigarette\n(30-day use)
Early Initiation And Higher Prevalence Drugs - Lifetime Use,Alcohol Lifetime,Percentage indicating use,Early initiation and higher prevalence drugs - Lifetime use,Alcohol
Early Initiation And Higher Prevalence Drugs - Lifetime Use,Inhalants Lifetime,Percentage indicating use,Early initiation and higher prevalence drugs - Lifetime use,Inhalants
Early Initiation And Higher Prevalence Drugs - Lifetime Use,Marijuana Lifetime,Percentage indicating use,Early initiation and higher prevalence drugs - Lifetime use,Marijuana
Early Initiation And Higher Prevalence Drugs - Lifetime Use,Vaping Lifetime,Percentage indicating use,Early initiation and higher prevalence drugs - Lifetime use,Vaping/e-cigarette
Frequency Of Bullying,How Frequently Bullied: No,Percentage,(Out of all students),No [not bullied in the past 12 months]
Frequency Of Bullying,"How Frequently Bullied: Yes, several times per month",Percentage,(Out of all students),"Yes, several times per month/ several times per week/ almost daily"
Frequency Of Bullying,"How Frequently Bullied: Yes, very rarely",Percentage,(Out of all students),"Yes, very rarely/ now and then"
Gambling,Compulsive Urge to Gamble,Percentage reporting 1 or more times,Gambling,Felt the need to bet more and more money
Gambling,Lied About Gambling Habits,Percentage reporting 1 or more times,Gambling,Lied about gambling habits
Gambling,Lifetime Gambling,Percentage reporting 1 or more times,Gambling,Any gambling (lifetime)
Gambling,Past 30 Days Gambling,Percentage reporting 1 or more times,Gambling,Any gambling (past 30 days)
Housing Insecurity,Changed homes once or twice in last 3 years,Percentage,How many times have you changed homes\n in the last 3 years?,Once or twice
Housing Insecurity,Changed homes once or twice in the last year,Percentage,How many times have you changed homes\n in the past 12 months?,Once or twice
Housing Insecurity,Changed homes three or more times in last 3 years,Percentage,How many times have you changed homes\n in the last 3 years?,Three or more times
Housing Insecurity,Changed homes three or more times in the last year,Percentage,How many times have you changed homes\n in the past 12 months?,Three or more times
Housing Insecurity,"Lived away from home because kicked out, ran away or abandoned",Percentage,In the past 12 months,"Lived away from parents/caregivers because you were kicked out, ran away, or were abandoned"
Housing Insecurity,Lived in shelter/motel/car due to loss of housing/lack of money,Percentage,In the past 12 months,"Lived in a shelter, hotel, motel, car, campground, etc. due to loss of housing, lack of money, no other place to stay"
How Students Were Hurt Or Abused,Control of what you were wearing,Percentage,(Out of students who reported being hurt or abused by another person in the past 12 months),Control of what you were wearing
How Students Were Hurt Or Abused,Control of who you socialized with,Percentage,(Out of students who reported being hurt or abused by another person in the past 12 months),Control of who you socialized with
How Students Were Hurt Or Abused,"Emotional abuse, insults, name-calling",Percentage,(Out of students who reported being hurt or abused by another person in the past 12 months),"Emotional abuse, insults, name-calling"
How Students Were Hurt Or Abused,Isolation from friends and family,Percentage,(Out of students who reported being hurt or abused by another person in the past 12 months),Isolation from friends and family
How Students Were Hurt Or Abused,Other injury or abuse,Percentage,(Out of students who reported being hurt or abused by another person in the past 12 months),Other injury or abuse
How Students Were Hurt Or Abused,Physical injury,Percentage,(Out of students who reported being hurt or abused by another person in the past 12 months),Physical injury
How Students Were Hurt Or Abused,Threats,Percentage,(Out of students who reported being hurt or abused by another person in the past 12 months),Threats
Involvement in Pro-Social Activities,"Participated in Activities: Faith-based activities (such as choir, youth group, mission, church leagues, etc.)",Percentage participating in past 12 months,(Out of students who reported participating in at least one activity in the past 12 months),Faith-based activities
Involvement in Pro-Social Activities,"Participated in Activities: Family supported activities or hobbies (such as dance, gymnastics, hiking, biking, skating, etc.)",Percentage participating in past 12 months,(Out of students who reported participating in at least one activity in the past 12 months),Family supported activities or hobbies
Involvement in Pro-Social Activities,"Participated in Activities: Job, employment",Percentage participating in past 12 months,(Out of students who reported participating in at least one activity in the past 12 months),"Job, employment"
Involvement in Pro-Social Activities,"Participated in Activities: Organized community activities (such as scouting, 4-H, service clubs, YMCA, etc.)",Percentage participating in past 12 months,(Out of students who reported participating in at least one activity in the past 12 months),Organized community activities
Involvement in Pro-Social Activities,Participated in Activities: Other activities,Percentage participating in past 12 months,(Out of students who reported participating in at least one activity in the past 12 months),Other activities
Involvement in Pro-Social Activities,"Participated in Activities: School sponsored activities (such as sports, music, clubs, after-school programs, etc.)",Percentage participating in past 12 months,(Out of students who reported participating in at least one activity in the past 12 months),School sponsored activities
Involvement in Pro-Social Activities,Participated in Activities: Volunteer,Percentage participating in past 12 months,(Out of students who reported participating in at least one activity in the past 12 months),Volunteer
Laws/Norms favorable to use,Systemic: Community Risk Associated With Availability: Most adults would think it was wrong to drink alcohol,Percentage,Most adults (over 21) in your neighborhood would think it was\n“Very wrong” or “Wrong” for kids your age…,To drink alcohol?
Laws/Norms favorable to use,Systemic: Community Risk Associated With Availability: Most adults would think it was wrong to smoke cigarettes,Percentage,Most adults (over 21) in your neighborhood would think it was\n“Very wrong” or “Wrong” for kids your age…,To smoke cigarettes?
Laws/Norms favorable to use,Systemic: Community Risk Associated With Availability: Most adults would think it was wrong to use marijuana,Percentage,Most adults (over 21) in your neighborhood would think it was\n“Very wrong” or “Wrong” for kids your age…,To use marijuana?
Laws/Norms favorable to use,Systemic: Community Risk Associated With Availability: Would be caught by the police for drinking,Percentage,If a kid drank alcohol or used marijuana in your neighborhood he/she…,Would be caught by the police for drinking
Laws/Norms favorable to use,Systemic: Community Risk Associated With Availability: Would be caught by the police for smoking marijuana,Percentage,If a kid drank alcohol or used marijuana in your neighborhood he/she…,Would be caught by the police for smoking marijuana
Location Of Bullying,Where Bullied: At a school-sponsored event,Percentage,(Out of all students),At a school-sponsored event
Location Of Bullying,Where Bullied: At home,Percentage,(Out of all students),At home
Location Of Bullying,Where Bullied: I was not bullied,Percentage,(Out of all students),I was not bullied
Location Of Bullying,Where Bullied: In the community,Percentage,(Out of all students),In the community
Location Of Bullying,Where Bullied: On school property,Percentage,(Out of all students),On school property
Location Of Bullying,"Where Bullied: Online, social media, phone",Percentage,(Out of all students),"Online, social media, phone"
Location Of Bullying,Where Bullied: While going to or from school,Percentage,(Out of all students),While going to or from school
Mental Health Concerns,Depressed About Life,Percentage reporting 1 or more times,Mental health concerns,Sometimes I think that life is not worth it
Mental Health Concerns,Depressed About Self,Percentage reporting 1 or more times,Mental health concerns,At times I think I am no good at all
Mental Health Concerns,Depressed in the last year,Percentage reporting 1 or more times,Mental health concerns,Felt depressed or sad MOST days in the past 12 months
Mental Health Concerns,Past Month Mental Health,Percentage reporting 1 or more times,Mental health concerns,Past month overall mental health is good
Mental Health Concerns,Self-Harm,Percentage reporting 1 or more times,Mental health concerns,"Self-harm (e.g. cutting, scraping, burning) in the past 12 months"
Mental Health Concerns,Thoughts of Self Failure,Percentage reporting 1 or more times,Mental health concerns,"All in all, I am inclined to think that I am a failure"
Mental Health – Help Seeking,Talked about Depressed feelings: Doctor or therapist,Percentage,Emotional Health,Doctor or therapist
Mental Health – Help Seeking,Talked about Depressed feelings: Friend,Percentage,Emotional Health,Friend
Mental Health – Help Seeking,Talked about Depressed feelings: I have not felt this way in the past 30 days,Percentage,Emotional Health,I have not felt this way in the past 30 days
Mental Health – Help Seeking,Talked about Depressed feelings: Other adult in the community,Percentage,Emotional Health,Other adult in the community
Mental Health – Help Seeking,Talked about Depressed feelings: Other family member,Percentage,Emotional Health,Other family member
Mental Health – Help Seeking,Talked about Depressed feelings: Parent/caregiver,Percentage,Emotional Health,Parent/caregiver
Mental Health – Help Seeking,"Talked about Depressed feelings: Religious or spiritual leader (e.g. Rabbi, Pastor, Imam, Priest or Nun, Bishop)",Percentage,Emotional Health,"Religious or spiritual leader (e.g. Rabbi, Pastor, Imam, Priest or Nun, Bishop)"
Mental Health – Help Seeking,"Talked about Depressed feelings: Teacher or another adult at school (e.g. coach, counselor, nurse)",Percentage,Emotional Health,"Teacher or another adult at school (e.g. coach, counselor, nurse)"
Other Concerning Behaviors,Attacked to Harm,Percentage reporting 1 or more times in the past 12 months,Other concerning behaviors,Attacked someone with the idea of seriously hurting them
Other Concerning Behaviors,Been Arrested,Percentage reporting 1 or more times in the past 12 months,Other concerning behaviors,Been arrested
Other Concerning Behaviors,Drunk at School,Percentage reporting 1 or more times in the past 12 months,Other concerning behaviors,Been drunk or high at school
Other Concerning Behaviors,Sold Substances,Percentage reporting 1 or more times in the past 12 months,Other concerning behaviors,"Sold substances such as vapes, alcohol, drugs or medications"
Other Concerning Behaviors,Suspended from School,Percentage reporting 1 or more times in the past 12 months,Other concerning behaviors,Been suspended from school
"Other Drugs (Cocaine/Crack, Methamphetamines, And Heroin) - 30-Day Use",Cocaine/Crack Past 30 Days,Percentage indicating use,"Other drugs (cocaine/crack, methamphetamines, and heroin) - 30-day use",Cocaine/Crack
"Other Drugs (Cocaine/Crack, Methamphetamines, And Heroin) - 30-Day Use",Heroin Past 30 Days,Percentage indicating use,"Other drugs (cocaine/crack, methamphetamines, and heroin) - 30-day use",Heroin
"Other Drugs (Cocaine/Crack, Methamphetamines, And Heroin) - 30-Day Use",Methamphetamines Past 30 Days,Percentage indicating use,"Other drugs (cocaine/crack, methamphetamines, and heroin) - 30-day use",Methamphetamines
"Other Drugs (Cocaine/Crack, Methamphetamines, And Heroin) - Lifetime Use",Cocaine/Crack Lifetime,Percentage indicating use,"Other drugs (cocaine/crack, methamphetamines, and heroin) - Lifetime use",Cocaine/Crack
"Other Drugs (Cocaine/Crack, Methamphetamines, And Heroin) - Lifetime Use",Heroin Lifetime,Percentage indicating use,"Other drugs (cocaine/crack, methamphetamines, and heroin) - Lifetime use",Heroin
"Other Drugs (Cocaine/Crack, Methamphetamines, And Heroin) - Lifetime Use",Methamphetamines Lifetime,Percentage indicating use,"Other drugs (cocaine/crack, methamphetamines, and heroin) - Lifetime use",Methamphetamines
"Other Drugs (Hallucinogens, Ecstasy, And Synthetic Drugs) - 30-Day Use",Ecstasy Past 30 Days,Percentage indicating use,"Other drugs (hallucinogens, ecstasy, and synthetic drugs) - 30-day use",Ecstasy or Molly
"Other Drugs (Hallucinogens, Ecstasy, And Synthetic Drugs) - 30-Day Use",Hallucinogens Past 30 Days,Percentage indicating use,"Other drugs (hallucinogens, ecstasy, and synthetic drugs) - 30-day use",Hallucinogens
"Other Drugs (Hallucinogens, Ecstasy, And Synthetic Drugs) - 30-Day Use",Synthetic Drugs Past 30 Days,Percentage indicating use,"Other drugs (hallucinogens, ecstasy, and synthetic drugs) - 30-day use",Synthetic drugs
"Other Drugs (Hallucinogens, Ecstasy, And Synthetic Drugs) - Lifetime Use",Ecstasy Lifetime,Percentage indicating use,"Other drugs (hallucinogens, ecstasy, and synthetic drugs) - Lifetime use",Ecstasy or Molly
"Other Drugs (Hallucinogens, Ecstasy, And Synthetic Drugs) - Lifetime Use",Hallucinogens Lifetime,Percentage indicating use,"Other drugs (hallucinogens, ecstasy, and synthetic drugs) - Lifetime use",Hallucinogens
"Other Drugs (Hallucinogens, Ecstasy, And Synthetic Drugs) - Lifetime Use",Synthetic Drugs Lifetime,Percentage indicating use,"Other drugs (hallucinogens, ecstasy, and synthetic drugs) - Lifetime use",Synthetic drugs
Other Indicators Of Risk,Systemic: Rules and Antisocial Behavior: Clear family rules about alcohol and drug use.,Percentage,NA,"“YES!”/“yes,” my family has clear rules about alcohol and drug use."
Other Indicators Of Risk,Systemic: Rules and Antisocial Behavior: Known adults who have done other things that could get them in trouble with the police,Percentage,I have known one or more adults who have…,I have known adults who have done other things that could get them in trouble w/ police
Other Indicators Of Risk,Systemic: Rules and Antisocial Behavior: Known adults who have gotten drunk or high,Percentage,I have known one or more adults who have…,I have known one or more adults who have gotten drunk or high
Other Indicators Of Risk,"Systemic: Rules and Antisocial Behavior: Known adults who have used marijuana, crack, cocaine, or other drugs",Percentage,I have known one or more adults who have…,"I have known adults who have used marijuana, crack, cocaine, or other drugs"
Other Indicators Of Risk,Systemic: Rules and Antisocial Behavior: Parents knows where I am and who I am with.,Percentage,NA,"“YES!”/“yes,” my parents/caregivers knows where I am and who I am with."
Other Indicators Of Risk,Systemic: Rules and Antisocial Behavior: Rules in family are clear.,Percentage,NA,"“YES!”/“yes,” the rules in family are clear."
Perceived Reasons For Bullying,Why Bullied: I don't know why,Percentage,(Out of students who reported being bullied in the past 12 months),I don't know why
Perceived Reasons For Bullying,Why Bullied: My accent,Percentage,(Out of students who reported being bullied in the past 12 months),My accent
Perceived Reasons For Bullying,Why Bullied: My religion,Percentage,(Out of students who reported being bullied in the past 12 months),My religion
Perceived Reasons For Bullying,"Why Bullied: My size (height, weight, etc.)",Percentage,(Out of students who reported being bullied in the past 12 months),"My size (height, weight, etc.)"
Perceived Reasons For Bullying,Why Bullied: The color of my skin,Percentage,(Out of students who reported being bullied in the past 12 months),The color of my skin
Perceived Reasons For Bullying,Why Bullied: The country I was born in,Percentage,(Out of students who reported being bullied in the past 12 months),The country I was born in
Perceived Reasons For Bullying,"Why Bullied: The country my family (parents, grandparents) was born in",Percentage,(Out of students who reported being bullied in the past 12 months),"The country my family (parents, grandparents) was born in"
Perceived Reasons For Bullying,"Why Bullied: The way I look (clothing, hairstyle, etc.)",Percentage,(Out of students who reported being bullied in the past 12 months),"The way I look (clothing, hairstyle, etc.)"
Perceived Reasons For Bullying (cont'd),Why Bullied: How much money my family has or does not have,Percentage,(Out of students who reported being bullied in the past 12 months),How much money my family has or does not have
Perceived Reasons For Bullying (cont'd),Why Bullied: I have a disability (learning or physical disability),Percentage,(Out of students who reported being bullied in the past 12 months),I have a disability (learning or physical disability)
Perceived Reasons For Bullying (cont'd),Why Bullied: My gender,Percentage,(Out of students who reported being bullied in the past 12 months),My gender
Perceived Reasons For Bullying (cont'd),Why Bullied: My grades or school achievement,Percentage,(Out of students who reported being bullied in the past 12 months),My grades or school achievement
Perceived Reasons For Bullying (cont'd),Why Bullied: My sexual-orientation,Percentage,(Out of students who reported being bullied in the past 12 months),My sexual-orientation
Perceived Reasons For Bullying (cont'd),Why Bullied: My social standing,Percentage,(Out of students who reported being bullied in the past 12 months),My social standing
Perceived Reasons For Bullying (cont'd),Why Bullied: Social conflict,Percentage,(Out of students who reported being bullied in the past 12 months),Social conflict
Perceived Reasons For Bullying (cont'd),Why Bullied: Some other reason,Percentage,(Out of students who reported being bullied in the past 12 months),Some other reason
Perception Of Parental/Caregiver Disapproval,Parental disapproval of alcohol use,Percentage indicating disapproval,"Parents/caregivers feel it would be ""wrong"" or ""very wrong"" to...",Have one or two drinks of an alcoholic beverage nearly every day
Perception Of Parental/Caregiver Disapproval,Parental disapproval of cigarette use,Percentage indicating disapproval,"Parents/caregivers feel it would be ""wrong"" or ""very wrong"" to...",Smoke cigarettes
Perception Of Parental/Caregiver Disapproval,Parental disapproval of marijuana use,Percentage indicating disapproval,"Parents/caregivers feel it would be ""wrong"" or ""very wrong"" to...",Use marijuana
Perception Of Parental/Caregiver Disapproval,Parental disapproval of prescription drug use,Percentage indicating disapproval,"Parents/caregivers feel it would be ""wrong"" or ""very wrong"" to...",Use prescription drugs not prescribed to you
Perception Of Peer Disapproval,Alcohol Peer Use,Percentage indicating disapproval,"Friends feel it would be ""Wrong"" or ""Very wrong"" to...",Have one or two drinks of an alcoholic beverage nearly every day
Perception Of Peer Disapproval,Cigarette Peer Use,Percentage indicating disapproval,"Friends feel it would be ""Wrong"" or ""Very wrong"" to...",Use tobacco
Perception Of Peer Disapproval,Marijuana Peer Use,Percentage indicating disapproval,"Friends feel it would be ""Wrong"" or ""Very wrong"" to...",Use marijuana
Perception Of Peer Disapproval,Prescription Drug Peer Use,Percentage indicating disapproval,"Friends feel it would be ""Wrong"" or ""Very wrong"" to...",Use prescription drugs not prescribed to you
Perception Of Peer Disapproval,Vape Peer Use,Percentage indicating disapproval,"Friends feel it would be ""Wrong"" or ""Very wrong"" to...",Use an electronic vapor product such as vape or e-cigarette
Perception Of Risk,Perceive risk in binge drinking,Percentage reporting risk,People are at moderate or great risk of harming themselves (physically or in other ways) if they…,Take five or more drinks of an alcoholic beverage once or twice a week
Perception Of Risk,Perceive risk in using alcohol,Percentage reporting risk,People are at moderate or great risk of harming themselves (physically or in other ways) if they…,Take one or two drinks of an alcoholic beverage nearly every day
Perception Of Risk,Perceive risk in using cigarettes,Percentage reporting risk,People are at moderate or great risk of harming themselves (physically or in other ways) if they…,Smoke one or more packs of cigarettes per day
Perception Of Risk,Perceive risk in using marijuana,Percentage reporting risk,People are at moderate or great risk of harming themselves (physically or in other ways) if they…,Use marijuana once or twice a week
Perception Of Risk,Perceive risk in using prescription drugs,Percentage reporting risk,People are at moderate or great risk of harming themselves (physically or in other ways) if they…,Use prescription drugs that are not prescribed to them
Perception Of Risk,Perceive risk in using vapor products,Percentage reporting risk,People are at moderate or great risk of harming themselves (physically or in other ways) if they…,Use an electronic vapor product such as vape or e-cigarette once or twice a day
Perception Of Risk,Systemic: Perceive risk in trying marijuana once or twice,Percentage reporting risk,People are at moderate or great risk of harming themselves (physically or in other ways) if they…,Try marijuana once or twice
Perception Of Risk,Systemic: Perceive risk in using marijuana regularly,Percentage reporting risk,People are at moderate or great risk of harming themselves (physically or in other ways) if they…,Use marijuana regularly
Prescription And Over-The-Counter Drugs And Medications - 30-Day Use,OTC Past 30 Days,Percentage indicating use,Prescription and over-the-counter drugs and medications - 30-day use,Used over-the-counter drugs to get high
Prescription And Over-The-Counter Drugs And Medications - 30-Day Use,Prescription Narcotic Drugs Past 30 Days,Percentage indicating use,Prescription and over-the-counter drugs and medications - 30-day use,Prescription pain relievers
Prescription And Over-The-Counter Drugs And Medications - 30-Day Use,Prescription Stimulants Past 30 Days,Percentage indicating use,Prescription and over-the-counter drugs and medications - 30-day use,Prescription stimulants
Prescription And Over-The-Counter Drugs And Medications - 30-Day Use,Prescription Tranquilizers Past 30 Days,Percentage indicating use,Prescription and over-the-counter drugs and medications - 30-day use,Prescription tranquilizers
Prescription And Over-The-Counter Drugs And Medications - 30-Day Use,Steroids Past 30 Days,Percentage indicating use,Prescription and over-the-counter drugs and medications - 30-day use,PEDs & Steroids
Prescription And Over-The-Counter Drugs And Medications - Lifetime Use,OTC Past 30 Lifetime,Percentage indicating use,Prescription and over-the-counter drugs and medications - Lifetime use,Used over-the-counter drugs to get high
Prescription And Over-The-Counter Drugs And Medications - Lifetime Use,Prescription Narcotic Drugs Lifetime,Percentage indicating use,Prescription and over-the-counter drugs and medications - Lifetime use,Prescription pain relievers
Prescription And Over-The-Counter Drugs And Medications - Lifetime Use,Prescription Stimulants Lifetime,Percentage indicating use,Prescription and over-the-counter drugs and medications - Lifetime use,Prescription stimulants
Prescription And Over-The-Counter Drugs And Medications - Lifetime Use,Prescription Tranquilizers Lifetime,Percentage indicating use,Prescription and over-the-counter drugs and medications - Lifetime use,Prescription tranquilizers
Prescription And Over-The-Counter Drugs And Medications - Lifetime Use,Steroids Lifetime,Percentage indicating use,Prescription and over-the-counter drugs and medications - Lifetime use,PEDs & Steroids
Protective Factors,Community Protective Factors: Rewards for prosocial involvement,Percentage of youth with protection,Community,Rewards for Prosocial Involvement
Protective Factors,Family Protective Factors: Family attachment,Percentage of youth with protection,Family,Family Attachment
Protective Factors,Family Protective Factors: Opportunities for prosocial involvement,Percentage of youth with protection,Family,Opportunities for Prosocial Involvement
Protective Factors,Family Protective Factors: Rewards for prosocial involvement,Percentage of youth with protection,Family,Rewards for Prosocial Involvement
Protective Factors,Peer and Individual Protective Factors: Belief in the moral order,Percentage of youth with protection,Peer and individual,Belief In The Moral Order
Protective Factors,Peer and Individual Protective Factors: Religiosity,Percentage of youth with protection,Peer and individual,Religiosity
Protective Factors,Protective Factors: Total Protection,Percentage of youth with protection,Total,Total Protection
Protective Factors,School Protective Factors: Opportunities for prosocial involvement,Percentage of youth with protection,School,Opportunities for Prosocial Involvement
Protective Factors,School Protective Factors: Rewards for prosocial involvement,Percentage of youth with protection,School,Rewards for Prosocial Involvement
Risk Factors,Community Risk Factors: Laws & norms favorable to drug use,Percentage of youth at risk,Community,Laws & Norms Favorable Toward Drug Use
Risk Factors,Community Risk Factors: Low neighborhood attachment,Percentage of youth at risk,Community,Low Neighborhood Attachment
Risk Factors,Community Risk Factors: Perceived availability of drugs,Percentage of youth at risk,Community,Perceived Availability of Drugs
Risk Factors,Community Risk Factors: Perceived availability of handguns,Percentage of youth at risk,Community,Perceived Availability of Handguns
Risk Factors,Family Risk Factors: Family conflict,Percentage of youth at risk,Family,Family Conflict
Risk Factors,Family Risk Factors: Family history of antisocial behavior,Percentage of youth at risk,Family,Family History of Antisocial Behavior
Risk Factors,Family Risk Factors: Parental attitudes favorable to antisocial behavior,Percentage of youth at risk,Family,Parental Attitudes Favorable Toward Antisocial Behavior
Risk Factors,Family Risk Factors: Parental attitudes favorable to drug use,Percentage of youth at risk,Family,Parental Attitudes Favorable Toward Drug Use
Risk Factors,Family Risk Factors: Poor family management,Percentage of youth at risk,Family,Poor Family Management
Risk Factors,Peer and Individual Risk Factors: Attitudes favorable to ASB,Percentage of youth at risk,Peer and individual,Attitudes Favorable Toward Antisocial Behavior
Risk Factors,Peer and Individual Risk Factors: Attitudes favorable to drug use,Percentage of youth at risk,Peer and individual,Attitudes Favorable Toward Drug Use
Risk Factors,Peer and Individual Risk Factors: Depressive symptoms,Percentage of youth at risk,Peer and individual,Depressive Symptoms
Risk Factors,Peer and Individual Risk Factors: Friend's use of drugs,Percentage of youth at risk,Peer and individual,Friend's Use of Drugs
Risk Factors,Peer and Individual Risk Factors: Interaction with antisocial peers,Percentage of youth at risk,Peer and individual,Interaction With Antisocial Peers
Risk Factors,Peer and Individual Risk Factors: Perceived risk of drug use,Percentage of youth at risk,Peer and individual,Low Perceived Risk of Drug Use
Risk Factors,Peer and Individual Risk Factors: Rebelliousness,Percentage of youth at risk,Peer and individual,Rebelliousness
Risk Factors,Peer and Individual Risk Factors: Rewards for ASB,Percentage of youth at risk,Peer and individual,Rewards for Antisocial Behavior
Risk Factors,Peer and Individual Risk Factors: Sensation seeking,Percentage of youth at risk,Peer and individual,Sensation Seeking
Risk Factors,Risk Factors: Total Risk,Percentage of youth at risk,Total,Total Risk
Risk Factors,School Risk Factors: Academic failure,Percentage of youth at risk,School,Academic Failure
Risk Factors,School Risk Factors: Low commitment to school,Percentage of youth at risk,School,Low Commitment Toward School
"Sleep, Grief, And Food Insecurity",Death of friend or family,Percentage,NA,Has experienced death of friend or family member in the past year
"Sleep, Grief, And Food Insecurity","Felt tired or sleepy during the day ""every day"" or ""several times"" during the past two weeks",Percentage,NA,"Felt tired or sleepy during the day ""every day"" or ""several times"" during the past two weeks"
"Sleep, Grief, And Food Insecurity","On average, sleeping less than 7 hours a night on school nights",Percentage,NA,"On average, sleeping less than 7 hours a night on school nights"
"Sleep, Grief, And Food Insecurity",Skipped Meal,Percentage,NA,Skipped a meal because of family finances one or more times in the past year
"Sleep, Grief, And Food Insecurity",Worry About Food,Percentage,NA,Worried about running out of food one or more times in the past year
Sources Of Alcohol,Sources of Alcohol: Bought it at a public event such as a concert or sporting event,Percentage reporting source for alcohol,(Reported by students indicating alcohol use in the past 12 months),Bought it at a public event such as a concert or sporting event
Sources Of Alcohol,"Sources of Alcohol: Bought it at a restaurant, bar or club",Percentage reporting source for alcohol,(Reported by students indicating alcohol use in the past 12 months),"Bought it at a restaurant, bar or club"
Sources Of Alcohol,Sources of Alcohol: Bought it in a store,Percentage reporting source for alcohol,(Reported by students indicating alcohol use in the past 12 months),Bought it in a store
Sources Of Alcohol,Sources of Alcohol: Friends' parents provided it to me,Percentage reporting source for alcohol,(Reported by students indicating alcohol use in the past 12 months),Friends' parents/caregivers provided it to me
Sources Of Alcohol,Sources of Alcohol: Gave someone money to buy it for me,Percentage reporting source for alcohol,(Reported by students indicating alcohol use in the past 12 months),Gave someone money to buy it for me
Sources Of Alcohol,Sources of Alcohol: Parents provided it to me,Percentage reporting source for alcohol,(Reported by students indicating alcohol use in the past 12 months),Parents/caregivers provided it to me
Sources Of Alcohol (cont'd),"Sources of Alcohol: Friends, brothers, or sisters provided it to me (over 21)",Percentage reporting source for alcohol,(Reported by students indicating alcohol use in the past 12 months),"Friends, brothers, or sisters over 21 provided it to me"
Sources Of Alcohol (cont'd),"Sources of Alcohol: Friends, brothers, or sisters provided it to me (under 21)",Percentage reporting source for alcohol,(Reported by students indicating alcohol use in the past 12 months),"Friends, brothers, or sisters under 21 provided it to me"
Sources Of Alcohol (cont'd),"Sources of Alcohol: Other relatives (uncles, aunts, cousins, grandparents, etc.) provided it to me",Percentage reporting source for alcohol,(Reported by students indicating alcohol use in the past 12 months),"Other relatives (uncles, aunts, cousins, grandparents, etc.) provided it to me"
Sources Of Alcohol (cont'd),Sources of Alcohol: Other source provided it to me,Percentage reporting source for alcohol,(Reported by students indicating alcohol use in the past 12 months),Other source provided it to me
Sources Of Alcohol (cont'd),"Sources of Alcohol: Took it without permission (from my home, friend's home, store, etc.)",Percentage reporting source for alcohol,(Reported by students indicating alcohol use in the past 12 months),"Took it without permission (from my home, friend's home, store, etc.)"
Sources Of Prescription Drugs,Sources of Prescription Drugs: A friend or family member gave them to me.,Percentage reporting source for prescription drugs,(Reported by students indicating medically unapproved prescription drug use  in the past 12 months),A friend or family member gave them to me.
Sources Of Prescription Drugs,Sources of Prescription Drugs: Bought them from someone.,Percentage reporting source for prescription drugs,(Reported by students indicating medically unapproved prescription drug use  in the past 12 months),Bought them from someone.
Sources Of Prescription Drugs,Sources of Prescription Drugs: Ordered them over the Internet.,Percentage reporting source for prescription drugs,(Reported by students indicating medically unapproved prescription drug use  in the past 12 months),Ordered them over the Internet.
Sources Of Prescription Drugs,Sources of Prescription Drugs: Took them from a family member living in my home.,Percentage reporting source for prescription drugs,(Reported by students indicating medically unapproved prescription drug use  in the past 12 months),Took them from a family member living in my home.
Sources Of Prescription Drugs,Sources of Prescription Drugs: Took them from other relatives not living in my home.,Percentage reporting source for prescription drugs,(Reported by students indicating medically unapproved prescription drug use  in the past 12 months),Took them from other relatives not living in my home.
Sources Of Prescription Drugs,Sources of Prescription Drugs: Took them from someone not related to me.,Percentage reporting source for prescription drugs,(Reported by students indicating medically unapproved prescription drug use  in the past 12 months),Took them from someone not related to me.
Sources Of Vape,Getting Vape: A family member gave it to me for free,Percentage reporting source for vape,(Reported by students indicating electronic vapor product use in the past 12 months),A family member gave it to me for free
Sources Of Vape,Getting Vape: A friend gave it to me for free,Percentage reporting source for vape,(Reported by students indicating electronic vapor product use in the past 12 months),A friend gave it to me for free
Sources Of Vape,Getting Vape: I bought it from a store,Percentage reporting source for vape,(Reported by students indicating electronic vapor product use in the past 12 months),I bought it from a store
Sources Of Vape,Getting Vape: I bought it from someone over 21,Percentage reporting source for vape,(Reported by students indicating electronic vapor product use in the past 12 months),I bought it from someone over 21
Sources Of Vape,Getting Vape: I bought it from someone under 21,Percentage reporting source for vape,(Reported by students indicating electronic vapor product use in the past 12 months),I bought it from someone under 21
Sources Of Vape (cont'd),Getting Vape: I bought it from the internet,Percentage reporting source for vape,(Reported by students indicating electronic vapor product use in the past 12 months),I bought it from the internet
Sources Of Vape (cont'd),Getting Vape: I gave someone money to buy it for me,Percentage reporting source for vape,(Reported by students indicating electronic vapor product use in the past 12 months),I gave someone money to buy it for me
Sources Of Vape (cont'd),Getting Vape: I took it from someone,Percentage reporting source for vape,(Reported by students indicating electronic vapor product use in the past 12 months),I took it from someone
Sources Of Vape (cont'd),Getting Vape: Other source not listed here,Percentage reporting source for vape,(Reported by students indicating electronic vapor product use in the past 12 months),Other source not listed here
Suicide Risk,Attempted suicide,Percentage,Suicide risk,Attempted suicide
Suicide Risk,Needed medical treatment for suicide attempt (only those who reported attempt),Percentage,Suicide risk,Needed medical treatment for suicide attempt (only those who reported attempt)
Suicide Risk,Planned suicide,Percentage,Suicide risk,Planned suicide
Suicide Risk,Seriously considered suicide,Percentage,Suicide risk,Seriously considered suicide
Suicide Risk,So sad stopped doing usual activities,Percentage,Suicide risk,So sad stopped doing usual activities
Tobacco - Lifetime  And 30-Day Use,Chewing Tobacco Lifetime,Percentage indicating use,Lifetime use,Smokeless tobacco\n(Lifetime use)
Tobacco - Lifetime  And 30-Day Use,Chewing Tobacco Past 30 Days,Percentage indicating use,30-day use,Smokeless tobacco\n(30-day use)
Tobacco - Lifetime  And 30-Day Use,Cigarettes Lifetime,Percentage indicating use,Lifetime use,Cigarettes\n(Lifetime use)
Tobacco - Lifetime  And 30-Day Use,Cigarettes Past 30 Days,Percentage indicating use,30-day use,Cigarettes\n(30-day use)
Types Of Gambling,Past Year Gambling: Bet/gambled in some other way,Percentage reporting 1 or more times in the past 12 months,Types of gambling,Bet/gambled in some other way
Types Of Gambling,"Past Year Gambling: Games such as poker, card games, dice, pool, darts",Percentage reporting 1 or more times in the past 12 months,Types of gambling,"Games such as poker, card games, dice, pool, darts"
Types Of Gambling,"Past Year Gambling: Lottery (scratch cards, numbers, etc.)",Percentage reporting 1 or more times in the past 12 months,Types of gambling,"Lottery (scratch cards, numbers, etc.)"
Types Of Gambling,Past Year Gambling: Online (Internet) gambling,Percentage reporting 1 or more times in the past 12 months,Types of gambling,Online (Internet) gambling
Types Of Gambling,"Past Year Gambling: Sporting events, sports pools, or fantasy sports",Percentage reporting 1 or more times in the past 12 months,Types of gambling,"Sporting events, sports pools, or fantasy sports"
Types Of Gambling,Past Year Gambling: Video games or online gaming,Percentage reporting 1 or more times in the past 12 months,Types of gambling,Video games or online gaming
Vaping Substances,Vaping Substances: I don't know,Percentage indicating vaping substance,(Reported by students indicating electronic vaping product use in the past year),I don't know
Vaping Substances,Vaping Substances: Just flavoring,Percentage indicating vaping substance,(Reported by students indicating electronic vaping product use in the past year),Just flavoring
Vaping Substances,Vaping Substances: Marijuana or THC,Percentage indicating vaping substance,(Reported by students indicating electronic vaping product use in the past year),Marijuana or THC
Vaping Substances,Vaping Substances: Nicotine,Percentage indicating vaping substance,(Reported by students indicating electronic vaping product use in the past year),Nicotine
Vaping Substances,Vaping Substances: Other substance,Percentage indicating vaping substance,(Reported by students indicating electronic vaping product use in the past year),Other substance
Violence And Drugs On School Property,Attacked at School,Percentage reporting 1 or more times,Violence and drugs on school property,Attacked at school
Violence And Drugs On School Property,Brought Weapon to School,Percentage reporting 1 or more times,Violence and drugs on school property,Brought weapon to school
Violence And Drugs On School Property,Offered Drugs at School,Percentage reporting 1 or more times,Violence and drugs on school property,Offered alcohol/ tobacco/ drugs at school
Violence And Drugs On School Property,Threatened at School,Percentage reporting 1 or more times,Violence and drugs on school property,Threatened at school
Willingness To Use Substances,Willing to Try Alcohol,Percentage,(Students indicating “Would like to try or use”/”Would use any chance I got”),Willing to try alcohol before you are 21
Willingness To Use Substances,Willing to Try Marijuana,Percentage,(Students indicating “Would like to try or use”/”Would use any chance I got”),Willing to try marijuana before you are 21
